{"cameraMode":{"drawMode":0,"name":"Shaded","section":"Shading Mode"},"sceneLighting":true,"audioPlay":false,"sceneViewState":{"m_AlwaysRefresh":false,"showFog":true,"showSkybox":true,"showFlares":true,"showImageEffects":true,"showParticleSystems":true,"showVisualEffectGraphs":true,"m_FxEnabled":true},"in2DMode":false,"pivot":{"x":0.41987335681915285,"y":-0.1285552978515625,"z":-2.2807998657226564},"rotation":{"x":-0.5131049156188965,"y":0.005662275943905115,"z":-0.003387033473700285,"w":-0.858304500579834},"size":23.339595794677736,"orthographic":false}