{"cameraMode":{"drawMode":0,"name":"Shaded","section":"Shading Mode"},"sceneLighting":false,"audioPlay":false,"sceneViewState":{"m_AlwaysRefresh":false,"showFog":true,"showSkybox":false,"showFlares":true,"showImageEffects":true,"showParticleSystems":true,"showVisualEffectGraphs":true,"m_FxEnabled":true},"in2DMode":false,"pivot":{"x":-0.9361276030540466,"y":1.1430045366287232,"z":0.27602314949035647},"rotation":{"x":-0.03553567826747894,"y":0.9610141515731812,"z":-0.23091253638267518,"w":-0.14789679646492005},"size":1.1590687036514283,"orthographic":false}